dec_Equity_Developed_Markets,dec_Equity_Emerging_Markets,dec_Bond_US,dec_Bond_EU,dec_RealEstate_US,dec_RealEstate_EU,dec_Cash,dec_Private_Debt,dec_Infrastructure,dec_Private_Equity,obj_Risk,obj_Return,obj_Liquidity,obj_ESG,obj_Diversiy,obj_Geopolitical
,,,,,,,,,,-1,1,1,1,1,-1
Equities,Equities,Fixed_Income,Fixed_Income,Real_Assets,Real_Assets,Cash,Fixed_Income,Real_Assets,Private_Equity,,,,,,
0.01499018216513118,0.002148686941996657,0.13912710469087852,0.10154126867480995,0.00022900879696337602,0.014639548089416967,0.7209786499945356,1.2917704541012702e-05,0.0020501946623054084,0.0042824382794212894,0.0002016522354027285,0.02479422143166872,0.9657993335682767,0.7729819118076213,0.500062857528281,0.13949110259487169
0.00995144863442735,5.351112578882388e-06,0.2866558274838839,0.019493093962958674,0.0001047325959682198,0.00012719738698527313,0.6836295275195937,5.1923693507734694e-06,2.1845519310563866e-05,5.78341494260941e-06,0.0002886424176613902,0.02500702072665665,0.9825506748573243,0.7688101926001968,0.5000000732403699,0.1341366193557727
0.009919603028264721,3.1986235966737916e-06,0.28858937663892975,0.018501220980287978,3.659412002716747e-05,0.00011306739385346297,0.6828083076623399,2.6031163692544285e-08,2.851782849621627e-05,8.769304044725383e-08,0.0002904817155899934,0.025024566929799905,0.9826107133163549,0.7686965535413721,0.5000536422550825,0.1341528911436562
9.611631098130981e-05,5.312334447361684e-06,0.28858803606547057,0.018501586618525856,0.009243271018853543,0.00011306880024534377,0.6828218019515379,6.037860909975118e-07,0.0006294394554881716,7.636583589869802e-07,0.00029278524720437887,0.024925779232495796,0.9776168529542894,0.767897317791828,0.5000479635632255,0.13369017526010255
0.009339023236431125,5.021797986481516e-06,0.25719292826144374,0.08051587456114824,3.7846907986611066e-05,0.0026744153384435703,0.6399716307071778,0.0013489024166539177,8.645344008499997e-05,0.008827903332643407,0.0003101711786144687,0.025871154495624007,0.9674383454717922,0.7634936578170392,0.5751457480963951,0.14514292996314263
3.1694275819123084e-06,2.674540479574235e-07,3.2181592350235124e-06,0.34163650848271226,0.00016958385643413824,6.578373343716682e-05,0.6579364232749049,4.763978569055976e-06,0.00016414527057029675,1.6136362507477825e-05,0.00035756650939034465,0.021729564377862064,0.9655503282327195,0.7828604409147951,0.5004489985184023,0.15134377613619657
0.014007119297519278,0.010258629957557072,0.10196321126453317,0.2659417102890218,0.009221610702351928,0.0006410522044624739,0.5669092958435513,0.011630310237333828,0.005552532942121688,0.013874527261547425,0.0004066860448281721,0.027137288680919105,0.9335999572263005,0.7582326618079744,0.6630520837631401,0.1729064156384993
1.9537396657009626e-05,0.052653709523879925,0.22967309404447384,0.2405817944311279,2.3958673746563406e-05,8.495705686140039e-05,0.47240735583531596,0.0028686430481405707,0.0013291660191564927,0.00035778397064043394,0.0005625864239954497,0.029083053024441842,0.9478962572211779,0.7455758642525262,0.7371326834537263,0.1895381056609629
0.11883773088971811,0.004700026674959965,0.2548956033999487,0.016341141660618348,3.2321634336822386e-05,0.00015666525469294217,0.6030881580434859,2.299193842091983e-08,0.0019482519957157562,7.745458519336082e-08,0.000570914992987438,0.031516709703508616,0.9709798257098062,0.7542806671226696,0.6187750603066902,0.16076008226122185
0.03241223286949027,0.0004997321237455668,0.004467005770367688,0.0552953055009993,8.332029803222447e-09,0.107995431622887,0.7109678557109864,0.0014620839474585906,0.08690012669535133,2.1742668422497735e-07,0.0006087596060747692,0.03105152327298088,0.8544851778206517,0.774058977003782,0.5235328862914894,0.16095485417605893
0.006452905919623418,0.050354057736816706,0.2148205352624152,0.2370574725316307,0.00010846333163303265,7.94630320334843e-05,0.43526661836255526,0.05444974054294616,0.0012432111687950746,0.000167532111550989,0.000658840548813867,0.03108859944489282,0.9130046863306935,0.7316736806518132,0.7807281402171773,0.20582981934630235
1.8002610245992805e-05,0.049606385684915134,0.2116308159506226,0.22766956876995653,0.013505699804383898,7.82831412584186e-05,0.42882083484919525,0.05619235175574415,0.0012247515989550783,0.011253305834722914,0.0006992589474360924,0.032395079644036436,0.8957126165392837,0.724273302141698,0.7928474840117931,0.2103558249188236
0.004532052403203059,0.0008001926955197681,0.24702061176831175,0.21133202904825935,0.10396083622629829,0.006565844870785351,0.41489862290452517,0.006109209346265185,0.0032919057589671412,0.0014886949778648633,0.0007223424661870545,0.03111641664733152,0.8911330108490794,0.7340555690312482,0.7902846696463444,0.18371143328779724
0.01057024546599682,0.0018480872847072207,0.11966332931609679,0.08733572296789611,0.00019677286355896683,0.013064194069224313,0.5331041427184385,1.1110527570696915e-05,0.2305230663420292,0.0036833284444813584,0.0008262688522179878,0.035441027253916665,0.7989393522806433,0.7884536374573035,0.7115698039749269,0.1906700472066126
0.009235779809953448,0.001323853123210506,0.3252337641501298,0.06256180136925384,0.14544416648522449,0.0090197464701655,0.44421074978769304,7.958880917961482e-06,0.00032367583038896326,0.002638504093062488,0.0008934254312949071,0.033764721246682526,0.8804752735238374,0.7230293711172812,0.7462848325547042,0.17710852478952985
0.006948169562865724,4.201317480149443e-06,0.2151717668023328,0.06736088391725215,0.09960564171034876,0.002237459161206766,0.5375678528240407,0.0011413800158115446,7.232834734211381e-05,0.06989031634131931,0.0009992934371273925,0.03608969090488882,0.8568372255227459,0.7134382252104917,0.7170265491546951,0.18559749000342599
0.005027437558549648,2.4948038220401378e-05,0.07650117648022456,0.00027801976442635984,8.067946759298982e-05,0.0003898797523543719,0.596531009777558,0.008480605855481079,0.31260652039943976,7.972290615284012e-05,0.001116825682447165,0.03744970155087645,0.7548732639005957,0.8045212709094788,0.6005311657578316,0.1902122307243816
8.144606751215034e-05,2.4155833541863785e-05,0.07407194379323499,0.01598835829214167,0.003188119557780146,0.0003774994376717674,0.5776118406894285,0.011593637815808942,0.3026799543979784,0.014383044114901444,0.0011702653185263095,0.03840839377851061,0.7444548850738713,0.7953645707949288,0.6318394755754446,0.19675235083429454
0.004635496510905499,0.00026491278561473637,0.14542010505331282,0.4017392676751265,0.10228111106358792,0.013559086259112852,0.24583848129684804,0.0008557581068773511,0.08441653406222883,0.0009892471863853717,0.001181457083544456,0.03449972147724782,0.8170414637365188,0.7397703628194473,0.8213636670061247,0.2211243263677926
0.007435056537397667,0.17209456782695293,0.2163068749111168,0.07905102739563745,2.7505304439076164e-05,0.00031417046559598224,0.5117864452043914,1.951212627589442e-08,0.00798505260082308,0.004999280241519285,0.0016664161727731816,0.03876665059756896,0.9268035365926286,0.710898300155478,0.7280847019667537,0.23431339928177147
0.012594792510737703,0.009300014069636512,0.09243527676392486,0.2410908335346631,0.008167758983649584,0.000581994219105978,0.4822321861206621,0.006987438085592559,0.0037693029188473905,0.14284040279318014,0.0017753185282556611,0.03927534266197817,0.8261311720443333,0.6980714005798317,0.7555605173273812,0.22308691952972787
0.022364446834466135,0.015066774709031455,0.23466584387338413,0.01587724080677916,9.509952419357617e-06,0.0001041279447112118,0.5596415094026567,0.000945538798803663,6.003804578697507e-05,0.1512649696319612,0.0019363923863703004,0.04131854368177217,0.8437570778671666,0.6911751677686122,0.6754134001063495,0.2081639203117758
0.004163470678122323,0.0076739357990287214,0.03561388769275473,0.19406517231061976,0.17149341139504476,0.03465804679151785,0.30122392545294624,0.14266325773019556,0.10225968570547801,0.006185206444292168,0.0020971778184784907,0.043767284961877956,0.6689284496251092,0.6928413960208196,0.8986655636562145,0.25744339314404674
0.004690794252595999,0.008406620063542529,0.08244695743712292,0.21873424644172404,0.11021543492741162,0.0007567516767887309,0.43590716538414653,0.0063161987458584,0.0034072096349409466,0.12911862143586816,0.0021917488910940864,0.04216026524261496,0.7816288378558786,0.683183636846917,0.8070877337590514,0.23021146124483471
0.004669316756617695,0.008368129108944395,0.08206946183586111,0.21773273930982,0.10971079724071488,0.0007532867771961278,0.4339112998894554,0.006287279094759385,0.003391609221174945,0.1331060807654559,0.0022683328193820965,0.04251666599271793,0.7785078993035973,0.6814291738335847,0.8085343614340812,0.2316756604156298
0.1771689901902258,0.035101942280197494,1.6211603634291687e-06,0.172611901886148,7.885360141423823e-05,0.00026041905290835203,0.3279966225129737,0.1834042911316654,0.1032543115896591,0.00012104659444455691,0.002419692281972084,0.04682672994704662,0.7500970801996459,0.7025173221948792,0.8730040821691324,0.2796176684924859
0.0021985444632190436,3.0304081812140047e-06,0.007982192604392658,0.011502421694996748,7.942647814202776e-05,0.007810443484352615,0.6045678647725374,0.1981571127627851,2.7018077674178177e-05,0.16767194525371887,0.0026140720986090934,0.04532061910103671,0.7034705987796468,0.6534321164742473,0.6298396772713313,0.24946697869805895
0.13343379706766875,0.0909270427494753,0.0006932744748651434,0.003429822794903642,0.00025661672370260125,0.012176378257554516,0.7025285797461165,0.00012272418779308092,7.203455929050487e-05,0.056359729438630046,0.0026734235736387314,0.04145210908094221,0.9046149083553086,0.7172071368101768,0.5300491951452536,0.21186156299503583
0.0019285845798199485,3.521216273310253e-08,6.440922339838413e-07,0.00011628927707576667,2.2647740033407892e-07,0.03460285239352354,0.43333474036510283,2.3058788757918563e-06,0.5300142301833729,9.154043219098564e-08,0.003125828672000001,0.04800124731750896,0.5797911125252959,0.8192841679929279,0.589005364705108,0.23992469488325824
0.07201569780181126,0.00693376689212872,9.289136116894462e-07,0.0001695520374139851,0.008074457494119051,0.0015879513736410996,0.6030981734269711,0.1291379808541783,0.01378165423823314,0.16519983696789167,0.0033710824037422858,0.047718331485889776,0.7357584634103245,0.6637738217477058,0.6520144110298388,0.24675913720572085
0.0024308572578832324,0.00715572217648324,9.113972864649768e-07,0.00014657518065399686,3.88831701120691e-09,3.725189728486588e-06,0.33706185551255563,2.906412536774284e-06,0.6497776279379002,0.003419815046655059,0.004406521149995364,0.0535501841165212,0.5075377679516571,0.8279008046905685,0.5156772330228464,0.2685505257438301
0.0024275191027989993,4.4321726192300894e-08,8.10722131826974e-07,0.0001463738974717221,3.882977411294996e-09,3.720074141797344e-06,0.33659898804346366,2.9024213292465494e-06,0.660819526458438,1.1107552110615383e-07,0.004423793831814786,0.05318765124666709,0.5041233621987282,0.832667761928079,0.5000141782245723,0.26583563354696615
0.0077254609578000346,4.19523044217428e-08,7.673812506372476e-07,0.0001385488074062728,2.0009940215272552e-07,0.04120583579969364,0.31508016557820784,1.3429191167590644e-05,0.6314669877293668,0.004368562503400503,0.004533371627932131,0.054123221509821094,0.49488828935299567,0.8199779841871565,0.5557746947790612,0.27003075482805317
0.0727547037233232,0.04900203804494353,0.2809072583240658,0.026279414063798766,0.055623246915508365,0.0013510284377131845,0.21035079328905343,0.0031292690784174124,0.14224108336221164,0.15836116476096462,0.005077978321535742,0.05853899610280255,0.6781522499986109,0.6553480582378581,0.9111580602586955,0.29648532902860353
0.1287466049087471,0.0005291999893495685,0.03426560700007445,0.025008593504699906,0.14557762525187112,0.003605573497739443,0.17833297388045302,0.00046943048213776424,0.48240966999546114,0.0010547214894664988,0.00589176434261203,0.060073996436705766,0.5300035987120487,0.762162571490056,0.7732172809831995,0.29073354353483705
0.009879909744451838,0.025721416433186355,0.00037312453821355317,0.07595471245246298,0.0007842896749081182,0.20225412263952378,0.20461889521607698,0.1448750584386508,0.1751026862695677,0.16043578459295774,0.006231655175213357,0.061758972829304086,0.47590001218157246,0.6301082972490449,0.9258954741840556,0.3353330033466933
0.036494379491816546,0.032592447391068535,0.032544511218748164,0.08439159384201589,0.0379767018912691,0.02322670908077091,0.0006070021324244818,0.11844529096376469,0.6298416889137362,0.0038796750743857016,0.0063013935154085,0.06515295124775604,0.38146800529376534,0.7555235980057711,0.6407753733779706,0.35586544117985225
0.001845091972983111,3.646306715632897e-05,2.07381509047842e-05,1.288526734248009e-08,0.08249108069842714,2.9645213158113642e-05,0.2720280074055104,6.347604241709668e-05,0.5001833588829313,0.14330212568124437,0.006730989467831165,0.06358159309785677,0.4461375535272212,0.7324187627447548,0.7205263133688411,0.30654156150251816
0.005658328619058286,0.3692801190541114,0.18836865092675642,0.0036269441128029003,9.510772063656778e-05,6.967836722132921e-05,0.3838513127314392,0.04782408647353338,0.0010788689164770969,0.00014690307796329184,0.0068107540261696095,0.054714713459219966,0.8628124298568741,0.6364805501010652,0.7538601118235253,0.3410067654416329
0.02064215073647406,0.12884728986911753,0.12164617141877086,0.02107861214826093,0.12470227810915842,0.028606136356274386,0.17931998504675692,0.12498606264029248,0.12489655674143312,0.12527475693346146,0.006925845774686278,0.06462750326147912,0.5702084945318404,0.6078034119657565,0.9692123576560786,0.3533575406988543
0.09897252513242676,0.10261910617788067,0.09688384904048752,0.10250869682726531,0.09931785395646504,0.10037783889547407,0.1000885682944356,0.09998517762866928,0.09947258518607602,0.09977379886081977,0.0071080114173270575,0.06404510372609447,0.5901261189472358,0.6146097595945479,0.9999723723764549,0.35094863563338957
0.12609846960377513,0.13074448917842593,0.12089388393478631,0.13552333797979413,0.0052575124031250696,0.009869002467206093,0.09148880198536401,0.12738866534088267,0.1256164842754356,0.12711935283120496,0.007319044875939105,0.06526243408879343,0.6277457972114591,0.6176754726561983,0.9748457840274164,0.3720711412258021
0.15718359605781398,0.17554410807131007,0.020613749037923786,0.16190257434241787,0.0005534617535657739,0.11239793844213747,0.015815738007421736,0.14709103026740658,0.20389029200029443,0.005007512019708158,0.007392778949434813,0.06569576115450018,0.5893957304455814,0.6457710155285757,0.9352493055947633,0.38949001355050433
0.09658867131313652,0.11631662859517229,0.01327374667945244,0.11085024980777801,0.04151678445411282,0.07008807105507062,0.0005655989594206808,0.08979635625995593,0.44233359494937474,0.018670297926526122,0.00743985286739495,0.06830893387106071,0.4676350328190057,0.6993768057180617,0.8377442493466424,0.3788109542918426
0.08244541516754617,0.3255833950925591,0.00010503187463361769,0.22460888679788035,0.07734913875212761,6.262683354709699e-06,0.28734986720100725,0.0020415149023960727,0.00014800734323961029,0.0003624801852554071,0.007747834321602394,0.056111032856290335,0.8396136173352918,0.6423132204942276,0.8313243185900745,0.3497697857220494
0.09351082818888756,0.03021344378891898,0.017340764737659605,0.028148256442828718,0.0011173944109597834,0.00350875903399152,0.005167942578963849,0.09618867250021534,0.6807552523763012,0.04404868594127333,0.00806256812701046,0.07091497614258446,0.3589202349545225,0.7544328986382133,0.5717659085380313,0.3705534039030315
0.008254063462319609,0.08064672686356653,0.04597436434317049,0.011610223248861013,0.16071448354394932,0.014376586546053931,0.011326897920867359,0.25093831324156607,0.2994749076145041,0.11668343321514159,0.008489357721259918,0.07298505740915799,0.3645016101409254,0.6036541850871302,0.8874945837930794,0.4029810810651762
0.08517086475677314,0.0573646203138095,0.09756928663944212,0.030764202265557806,0.06511579042902009,0.23428740520000751,0.2406405472103405,0.0036633033993099962,5.146453248573764e-05,0.18537251525325366,0.008580813743531363,0.06263042443880393,0.6083924117431159,0.5989325103323766,0.9195267812050203,0.311808109678216
0.17425238901478635,0.15651102613300835,0.15628083355407346,0.06613182196990791,0.1823665621311607,0.11153614910552864,0.0029148632341342326,0.12200157157188518,0.009374334345336419,0.018630448940178665,0.008786281984485108,0.06644249558962777,0.637902091587802,0.5868027584690423,0.9503528440015258,0.3674003961846569
0.0013213269893261024,0.027287298559707164,0.00023538242087594522,0.12168304052288187,0.04153732236897251,2.9064140037946078e-05,0.02221802292847586,0.0003353021178060667,0.6268138715704229,0.15853936838149363,0.009227544523036715,0.07216028062849658,0.3428941376717748,0.7257238315196537,0.6268859731021658,0.37009115698300243
2.698049239823433e-05,0.023784398534973453,2.467051143583658e-05,0.101016622961315,1.012135497866863e-05,0.01116022257223965,0.0286391647824201,1.7622666292233418e-05,0.6607277504462646,0.17459244567768212,0.00968383533618265,0.07335307585219154,0.3239967391993535,0.730118418270082,0.5791572309971639,0.3742318996978448
2.7679889255630467e-05,0.02434564496068939,0.0002901028826392289,0.10259302202456251,1.0383723943629951e-05,0.011449521391536833,0.004292436250896292,1.757843170731145e-05,0.6778553441697498,0.1791182862750193,0.010188048577695268,0.07473042805868926,0.30657832360842385,0.7283520612230506,0.5524012571266455,0.38118018663303116
0.005059259075076333,6.52103519453373e-07,0.03294582088162692,0.0001742721680130985,3.855692769403202e-06,0.0001116934379564943,2.176328870505892e-05,0.10278052845715212,0.6724222926844745,0.18647986221070673,0.010317547047397685,0.07718364890258783,0.2536593132323982,0.7054613095868845,0.5571095752331126,0.3926037022911545
0.09124057197953496,0.06127109352016582,0.0053140897229801785,0.0328592136368158,0.06955011055927021,0.28077507342210073,0.25702792753113063,0.003912770692876542,5.295099957900826e-05,0.19799619793554601,0.01046575392991677,0.06528741585051029,0.5667974486355575,0.588982836866978,0.8865111349034449,0.32251556880846677
0.12248857385256051,0.261468585223904,0.11743425693294177,4.202904532652222e-06,0.006007237858115437,0.0012734092528268125,0.0003880208091438637,0.017574969805007556,0.4702552297710334,0.0031055135899340338,0.010641954324543354,0.07490594602034698,0.54429094101974,0.6933000956922168,0.7570483995047224,0.41274257887743115
0.005089034207223958,6.555505800289511e-07,0.021875757909840542,1.7413896543862448e-08,3.795723583226668e-06,6.334359220566219e-05,1.1101054017628387e-08,0.1033238328513359,0.6759767595844468,0.19366679206583326,0.010670694332617454,0.07793472498192341,0.24474432674214708,0.7030035132061024,0.54929814293001,0.39578121319455556
0.03265592050849448,0.20383665003792933,0.001057221384984583,0.03334640326633777,0.0027910073083371907,0.04547035152058635,0.2827830848103401,0.01192558442234938,0.1879488803910818,0.19818489634955905,0.010989667569258876,0.07010019902829476,0.5834814350668427,0.6189212404955033,0.8883169340444281,0.37537847004511293
2.0017630180612214e-06,6.765960206030778e-07,2.242282972593412e-05,1.797294284180282e-08,1.86059263488851e-05,0.00011571510293595633,1.145743624007696e-08,0.10227843138460715,0.6976779511579436,0.19988416580902063,0.011200305821284232,0.07896952096039175,0.22516301479739342,0.7042277104811505,0.5142565610633066,0.40019479514149453
0.1499449204507326,0.1674598875487355,0.020081280208186343,0.15444657864688052,0.001047705568145767,0.05468001967144518,0.008171277905529465,0.13774205974985002,0.15407877202902728,0.15234749822146745,0.011310460857585022,0.0741548952061572,0.5414299088193326,0.5881764855766073,0.9513733646370897,0.42119561624962126
0.08099224647585374,0.002673356624804203,2.6485810752166078e-05,1.6456469715690155e-08,1.7036045025449837e-05,0.00010595160202059168,1.0490711185356695e-08,0.09435488647158705,0.6388111382534054,0.1830188717693706,0.01133399426384111,0.07909553010278211,0.2812782612791019,0.6990120445608903,0.6032829717514144,0.3968311434661842
0.18911483047789948,0.056320291712386346,0.05951028305360633,0.00032313142892947846,0.08578621026798465,0.002286113483668207,0.007956209260659675,0.2673281041515225,0.146832298944244,0.1845425272190992,0.011620596192415712,0.0776165299565426,0.44770074519192693,0.5589216332806486,0.914460269271103,0.4151858792690065
0.04734698223379421,0.35252132558859056,0.1829921164947759,0.012893570194030509,0.0020193984024974476,0.0006320221692452666,0.08279208329797483,0.10960292722213438,0.10643954514224492,0.10276002925471199,0.012327650666874765,0.0739602226578702,0.6460378198424046,0.5710014289783876,0.8878597899001142,0.43769992990303264
0.0024174137125094063,0.291676489305546,0.0033321754559414054,0.0984871281589539,0.08351059691881764,0.09097777538918675,0.011255098942337907,0.0030985131602988907,0.34578716444918217,0.06945764450722593,0.01243928718842523,0.07619528630093014,0.48356068995380896,0.6348508204458554,0.8504753144047333,0.4298175945238676
0.20380087981193307,0.3745106817373252,0.15982621937116495,0.010373808282614241,2.0126353104033443e-05,0.11435496591491709,0.12676648221989167,0.0017043425379735812,3.963873712458127e-05,0.008602855033951704,0.013762504817048276,0.07014381575570479,0.7936554077711158,0.594163043956128,0.8481457769304803,0.4018225208794752
0.0005483538005094491,0.3175053721837712,0.018003164181967197,4.204861970806323e-05,0.09090572647499952,0.0990341474013553,0.012251773830521822,0.03363466999463969,0.3764077200949803,0.0516670234175474,0.01376793213898192,0.07954271607465382,0.4483984466637807,0.6273516600149839,0.8168451763920793,0.44368386669739074
0.006781000780094409,0.3637741618282613,0.00027048756130611354,0.05506152192331891,0.000568551729508729,0.14351082228540535,0.14833349269693635,0.10502365092033483,0.0603722892941902,0.11630402098064369,0.014086470972776084,0.07440698099358167,0.5857661258738529,0.5533969746996267,0.8819895806347058,0.443061350635133
0.1263101966989123,0.25145590526297296,0.0003533346521630788,4.041958474999611e-06,0.08387917187054021,0.0012246453093613873,0.0003731619373722815,0.01690195377966028,0.4522472724800289,0.06725031605051358,0.014586360550566639,0.08195682223868808,0.4618213040612547,0.6557102655253217,0.7827136734008944,0.4361751444299505
0.005836785038592047,0.25179709338305895,0.019994965106917523,4.8353488296244147e-05,0.010971091825569757,0.020782749040891627,0.006678496485935679,0.02727635389564008,0.4859212356961869,0.1706928760389112,0.015293069171380508,0.0846304089144457,0.3782130596401708,0.632860980207125,0.7439644002165896,0.4561439423325897
0.0018251503070312995,0.348953008214742,2.6549875957393872e-05,1.1925143387265585e-07,7.93772851366597e-08,0.00021207122150415726,4.94786254391247e-06,0.04190449829384871,0.5113533533849246,0.0957202222107288,0.015863142062366272,0.08485050515979525,0.41344363574227777,0.6426837866157232,0.673142023605889,0.47800455783384077
0.0531271391639185,0.40788614458607564,2.1236586741166698e-05,5.871210747334831e-09,4.360627815299238e-06,0.0002737825891910876,0.0026885965138721234,1.5380024924286564e-08,0.5321256275173266,0.0038730911638238763,0.016036276912793662,0.08282359893728646,0.48995409900951387,0.673882539073206,0.6084737909610713,0.47245122078213936
0.042099620483649944,0.3004595819343849,0.0009220801679628931,4.806917715360523e-06,0.08083673638312674,0.017216143612609182,0.00016527369892498585,0.0505563129957876,0.36633981174786906,0.14139963205796938,0.016977223040212944,0.08578628789756042,0.42353207582967156,0.5972296227291047,0.8270723956192475,0.4683906771500041
0.02935168777094319,0.30954262176225233,0.017428370597918953,4.071711105970296e-05,0.08657499903217654,0.017500567810940112,0.00016800415008638866,0.022968649626025132,0.3726887172327772,0.14373566490582043,0.017162944398140957,0.08574166115306919,0.43052662596688474,0.6002446015029143,0.8168135391525235,0.466042677791971
0.16745988194385691,0.33214196631105397,0.0004511492775040311,0.029802902981164912,0.0007420232819242428,0.10225447941459852,0.11411698658694928,0.10153730571355943,3.4769265791047814e-05,0.15145853522359767,0.01835863969428751,0.08011109653045598,0.6228901742271428,0.530270946856766,0.8933575069482944,0.4533609930380861
0.18823232930488742,0.3700472212994378,0.0005312460054831761,0.00674196036799032,4.594375826034557e-05,0.11518596630136506,0.10060980467458451,0.11437809611090452,3.9166318196120695e-05,0.1041882658588908,0.018906833215701257,0.08054504054037315,0.6392022777674532,0.5324041178838708,0.8669558011935495,0.46162169956345106
0.17357307912472783,0.3458495101896846,2.6914628731368648e-05,0.004487498126450858,0.12915695404168895,0.002137041255040803,0.003988519956211653,0.15702437412821113,0.08700936234838898,0.09674674620086389,0.019102232234675758,0.08495463382764203,0.5546008145234175,0.5288427792127993,0.8799457266885625,0.48079202294905515
0.16967706899671792,0.497664466992761,0.06544109057337888,0.005597856522390739,0.005459368187232229,0.015870046676933407,0.04294756986262539,0.16517288270242286,0.014618083657383497,0.017551565828154148,0.019682616992213103,0.08100413349065705,0.6988121950388116,0.531406279395439,0.7658843492930179,0.49714762908659094
0.1725681856335929,0.49197749848704453,9.928599000752338e-07,0.006433990576795843,0.05242682258299935,0.0001630950473071352,0.007122482940203257,0.23814927088420726,0.018214163547676996,0.012943497440272629,0.020758234133519855,0.08410336955058328,0.6355289928077076,0.5114557024064398,0.7423591920689413,0.5189432115193578
0.024634792531365083,0.580569727574011,0.0619441364455091,0.026751010725743447,0.20724442295741974,0.043889817431089356,0.001147007640201958,0.042799116411233414,0.003688829372847801,0.007331138910578925,0.02326142925952056,0.08373391671937833,0.6544227173168307,0.5086634801529634,0.6788913620374235,0.5051068722265657
0.03708758364217109,0.6291261187784177,0.08825659587080226,0.038825541574593884,0.045902941735788134,0.06370024478111519,0.0016647293546251723,0.06240605131588931,0.02239001783396512,0.010640175112631921,0.023599559808956196,0.08359623850036971,0.691714496943016,0.5163375977658634,0.6476128604247279,0.5240890905850594
0.009190245776355405,0.6083929584063957,0.002512227149241383,0.005942691932128475,0.18717460371003777,0.000150641131694803,0.013116901308664818,0.1570285326084296,0.004536064239486069,0.011955133737566001,0.02439057660138836,0.08635846200683002,0.6097785349391417,0.48545246778659173,0.6330045016112315,0.5369951766954231
0.006051847372548385,0.4993100360182419,3.8857201890807e-05,0.006478693145816695,0.15193135881892722,0.0030852903201790288,0.006481916696081096,0.061329535134178055,0.12561720218794212,0.13967526310419467,0.024884221808193482,0.09076243742650694,0.5179019270553794,0.503450360158532,0.7649178261761939,0.5238360074138885
0.01515688164301204,0.6784322660316706,1.3691443082894506e-06,0.008872411482365724,8.923649496179242e-06,0.00022490651069082587,0.019583472795362083,0.23475365217616373,0.025117157364967092,0.01784895920196344,0.02594594463802037,0.08766871909408452,0.6286079044718755,0.4816894875538197,0.5366432360450792,0.5747798306407775
0.22262948856129927,0.5520904664659569,5.517801841194586e-05,0.021132443157344357,0.1522463880393014,0.002677203852954897,0.008176327589125185,0.03694945420969969,0.0024669192657525256,0.0015761308401536956,0.026878638319079676,0.08710984128879166,0.7153770908304817,0.5219651799928963,0.6895098111023467,0.5077255290183974
0.010331103873640446,0.5545515306943369,8.315046125654517e-05,1.3452441559694045e-07,0.18891627520886276,0.00036981626413425,0.021204602419393734,0.06841114806988889,0.00015040709037508987,0.15598183139369592,0.029160959813394848,0.09278799244519872,0.5583504330455127,0.45853920508525126,0.6969069896546818,0.5396249990939009
0.0014529537302528923,0.602167607994724,4.704463141440316e-05,0.0001379038462380887,0.0001506756799345851,0.0034712280824674216,0.00012464303134236262,0.07425201081930437,0.14872902207728608,0.1694669101070358,0.030170669647505075,0.095761586506731,0.5309065631227248,0.4887072727549333,0.6455858168591707,0.5717357624764631
0.06739553046501305,0.5676493292434907,0.000763371450212252,8.818096161915884e-06,0.1690622791393685,0.003120076006540587,0.006242459905574613,0.03684125090297322,0.002188899079944868,0.14672798571072013,0.031246803045545845,0.09430098338803228,0.5883579102909384,0.4639401189867918,0.690788411581405,0.5430394007446514
0.09647066113341676,0.7263739012547002,0.01433506811643487,0.0014721909838893235,0.09081952568573563,0.0002423066492254568,0.006134640466657936,0.005402796595890538,0.05740456772573125,0.001344341388318043,0.03279212076517235,0.0918919816842568,0.7052009806744267,0.5076152949920859,0.5013939388441782,0.560337087264396
0.05573765605476225,0.6424360367015415,0.0006313257725012452,7.292768638208707e-06,0.13981839895742268,0.0025803747239226023,0.0051626581280963,0.030468563082578937,0.001810269957291729,0.12134742385324447,0.03358533775745191,0.09528678199316,0.6163182686149521,0.46152879949289255,0.6099217223002072,0.561541120730539
0.0764720781814091,0.5987479299678606,4.5812342291780736e-05,0.011383555780875953,0.13275085093625735,0.0008987829580340422,0.00037339834218711983,0.0036714456206151237,0.0072388466707420974,0.1684172991997266,0.034247342627065115,0.09656978799582075,0.601715727792974,0.46007804348258247,0.6549659415906728,0.5557539246826723
0.1084810001544238,0.6492893423100935,8.056164171450065e-05,0.0673600973818112,0.0034125784495108507,0.001416386144101141,0.0025673346272291186,0.011719147074629012,0.0024566270759378344,0.15321692514054885,0.03471441273958093,0.09493059042468421,0.6691802226377074,0.4719627219549774,0.5983097674842377,0.5689707265576744
0.003635544682016051,0.6766226407543652,0.021422737762737204,0.02001452861084017,0.003824648141867291,0.0004224278946111287,9.85572272572229e-06,0.08347020809072454,7.161469164239658e-05,0.1905057936484704,0.03533011409911454,0.09737045559670138,0.5949007576115063,0.4381627176955946,0.5533716945864581,0.5940052905070762
0.08115350301357697,0.6347373439395547,0.003678287819790947,0.0187533677416265,0.04079169452418265,0.0011236094516819692,0.0013704688812297631,0.016060454117543966,0.012987915293154477,0.18934335521765802,0.03633215154461077,0.09810781740738568,0.6145434256424597,0.4551003433992424,0.6135697347041491,0.5750304572709205
0.01282690613984423,0.6885208512976342,0.002227706427228671,1.670230087204916e-07,8.548432126620027e-05,0.003730306583629669,0.017112971245279524,0.08166654338235785,0.00018674264189045658,0.1936423209378604,0.03702391489982803,0.09867841634430824,0.5924149784726829,0.43479166838239247,0.5347732902362776,0.5986481688921482
0.08366493807071662,0.6553737172278584,5.1212659435626666e-05,0.00012901631646545375,8.135043478161648e-05,0.05725774085376253,0.00272422339592066,0.0036344593462798343,0.007919725023312509,0.18916361667146667,0.03809143356824034,0.0992033103819986,0.6117771024913305,0.4513098405099756,0.5826008528072454,0.5812396904933096
0.0014528558593944222,0.7089040174352071,5.5383464280797315e-05,1.7189074822020255e-07,0.00017738349492280343,0.00044238394710426575,1.0321320103597573e-05,0.08741345112822563,0.0020384921347206234,0.1995055393252926,0.038659551739885056,0.10037590547482282,0.5799586737468369,0.4256524155202734,0.5000055842465789,0.6112717647975991
0.0038073508491850124,0.7085980262042517,5.538431129902925e-05,1.7189337706618634e-07,8.797703251321676e-05,0.00044239071279278993,1.0321477954797727e-05,0.08741478800355083,7.499901139644351e-05,0.19950859050367906,0.0387182722293544,0.10039040977264473,0.5813222994619486,0.4253285870723136,0.5004767847157136,0.6111851811695798
0.10021637352405208,0.6661349640545838,0.0017085746169382863,7.396324213674818e-05,0.014079869213320153,0.003006580092617632,0.010285318000437178,0.00019088382677756908,0.009486484296124338,0.19481698913301218,0.03944138574718215,0.10011769311682384,0.6303658258701462,0.45053303210690054,0.5642902270675861,0.5851336409434947
0.0881058351312607,0.6903753774639886,5.241118069122963e-05,9.73679242410415e-09,0.00017274273032140292,0.00043085741951163364,0.026622624798495656,2.5506171828920413e-08,0.00018565165785637512,0.19405446437491036,0.040191982816774836,0.09995776799531632,0.643420973092156,0.44800018659010976,0.5302811644673845,0.5892298098068973
0.08860705131620489,0.6937602562634594,5.308207467219326e-05,0.008466655376220888,0.00014447473159895547,0.0010428183137630742,0.0004326510649949007,0.003962866245660081,0.00838754318802488,0.19514260142540082,0.04077314157942398,0.10100146150894843,0.6313923893724122,0.4448787458614307,0.525117582894142,0.5965307285213443
0.09080385604657626,0.7083029396429252,5.4016186205067925e-05,1.0034957347791462e-08,0.0001780325445395136,0.000467943789336403,4.965307061585023e-06,2.628723456967461e-08,0.00019133677570484992,0.19999687338545924,0.04240594678871849,0.10215015143481744,0.6332894876522568,0.4383410159635045,0.5000695175968463,0.6024486156238071
