dec_Chicken_Breast,dec_Tofu,dec_Eggs,dec_Sweet_Potato,dec_White_Rice,dec_Oats,dec_Almonds,dec_Olive_Oil,dec_Avocado,dec_Spinach,dec_Berries,dec_Broccoli,obj_Nutrient_Density,obj_Cost,obj_Prep_Time
,,,,,,,,,,,,,,
,,,,,,,,,,,,1,-1,-1
Proteins,Proteins,Proteins,Carbohydrates,Carbohydrates,Carbohydrates,Fats,Fats,Fats,Vegetables_Fruits,Vegetables_Fruits,Vegetables_Fruits,,,
,,,,,,,,,,,,"score [0,1]",USD per 100kcal,minutes per 100kcal
0.0017692399335720009,0.3889163980724244,0.0014073429090086785,0.009467389044016356,0.05503756901338166,0.0040765883926924176,0.03796104317122685,0.008171384125614231,0.05217993746879849,0.04366241203017533,0.15052020234513988,0.2468304934939498,0.7825014885347967,0.25044554615644743,7.778914828165848
0.01042124255638194,0.39830772521735236,0.012229801082604597,0.005845357098668353,0.004439113828018153,0.003404852600693821,0.046167201725421006,0.027643763444664928,0.018369504210704865,0.23399225170872845,0.06163641183317204,0.17754277469358942,0.7985917122439792,0.27537686110773657,7.8740430680915985
0.3251582889936936,0.10878968524179564,0.0566360761211281,0.035493936957054044,0.05158777689527169,0.07890994927798459,0.07230198408574687,0.0031006577013363485,0.037720374335197156,0.02181945541634599,0.08533588404377654,0.12314593093066939,0.7891232747249175,0.31264022076625736,10.83132496086868
0.009816505181888402,0.4237315403628366,0.003410202223374002,0.08206654358788781,0.01469041613621522,0.015752745471217904,0.015196233156809305,0.009798956687823542,0.006598913080583885,0.07648123250276664,0.0073555146464156194,0.33510119696218116,0.7923069679271126,0.1777304917286761,10.64062103077309
0.02485096266628564,0.1415359335054253,0.03776752139229015,0.07822234909777627,0.058013053994012256,0.09358880554491476,0.05606508779593643,0.027094401396508008,0.08628266946713947,0.027463880470466637,0.22376909719314725,0.14534623747609787,0.768536873218755,0.3109324560125214,8.06781346543504
