dec_Chicken_Breast,dec_Tofu,dec_Eggs,dec_Sweet_Potato,dec_White_Rice,dec_Oats,dec_Almonds,dec_Olive_Oil,dec_Avocado,dec_Spinach,dec_Berries,dec_Broccoli,obj_Nutrient_Density,obj_Cost,obj_Prep_Time,obj_Carbon_Footprint,obj_Satiety,obj_Diversity
<0.01,,<0.01,<0.35,<0.3,<0.3,<0.25,<0.1,<0.25,,,,>0.65,,,,,
,,,,,,,,,,,,1,-1,-1,-1,1,1
Proteins,Proteins,Proteins,Carbohydrates,Carbohydrates,Carbohydrates,Fats,Fats,Fats,Vegetables_Fruits,Vegetables_Fruits,Vegetables_Fruits,,,,,,
,,,,,,,,,,,,"score [0,1]",USD per 100kcal,minutes per 100kcal,gCO2e per 100kcal,"score [0,1]","score [0,1]"
6.000604671112636e-10,4.080009985847346e-08,3.622847233102034e-08,6.774195700672506e-08,3.053969866724939e-08,1.300575509117978e-07,1.5019978974329655e-08,3.20293175690454e-08,8.049193449911864e-08,0.9999910766717942,8.373063608939506e-06,1.1675552663115718e-07,0.8999994816891205,0.500000677727154,11.999915340025652,20.000364768039923,0.5000004930711747,1.946891632466994e-05
7.86678432701004e-08,4.492301495180984e-08,0.003566958471320303,7.458738968860528e-08,3.337560686914021e-08,1.1533442616182631e-07,2.631294545366246e-08,3.2447296371025466e-08,8.947248345630115e-08,0.9964316650356696,7.52818145390751e-07,1.2855385861190755e-07,0.8995718283895086,0.49875148113569123,12.01069254154646,20.642149341444576,0.5007135214848244,0.0077576876955118435
4.752517632151795e-10,3.9026388788443724e-08,4.653235131746868e-09,1.937576637738627e-07,0.0071000606600186275,9.99637602089664e-08,1.4367012362218547e-08,3.063690050794071e-08,7.428464698499495e-08,0.9721263570541107,8.268275528580418e-06,0.02076485684548258,0.8970991875178583,0.4905159133477878,12.187335620816414,20.453828811356324,0.5006837258587588,0.059442278957557354
0.009495032425007174,0.019500055758428364,4.91478429345499e-08,6.570625062431565e-08,2.9621953413925695e-08,1.261492052103974e-07,1.4568615175396852e-08,3.017681135250194e-08,0.0010564168901151549,0.9699404506331764,7.615675675741327e-06,1.1324691865396186e-07,0.8958880060649639,0.4911982754601209,11.823900878868132,26.624514545937338,0.5049574179389537,0.0640843618205403
2.340797522102976e-10,0.0002142747244897727,3.9229833406413394e-08,0.026953222196843298,0.015659146231254965,0.0010679477107859352,0.015706410174933464,9.493528413357848e-05,4.8584512504058816e-08,0.9397153832475215,5.248663970262906e-08,0.0005885398949721688,0.8903302907913264,0.4836126152352441,12.068076164963816,22.74107048265722,0.5075388981135032,0.1262346330567305
1.455161151641687e-05,0.00012695487868525504,5.142792219601686e-07,0.0019144992310327462,0.0055790939827362425,0.018118726207317908,2.0864761866447156e-07,4.4493010607078433e-07,1.097830789917268e-06,0.680311230014644,0.00012007757465544711,0.29381260081167554,0.8856463753512873,0.39663872346874807,14.253280148567654,24.87078941296422,0.5201577636446999,0.49144110036465366
2.051178536962539e-09,6.15641330524066e-10,1.3775521923949099e-08,0.0010805356858774407,7.06062666606494e-10,0.0010202710417902736,0.06044259094916385,1.2216836343996544e-08,0.0010573527608655371,0.4138644551437803,7.948874586181149e-07,0.5225339701658231,0.8829345947063001,0.3349907645212379,15.44693883124857,34.056907375167,0.5418641515228553,0.6022012685288469
6.941080329723254e-09,0.00018787413744271323,4.263174687578075e-08,0.0003122017825207321,0.013729797568479704,0.0009363668789008488,0.013771238166160478,8.323839716488006e-05,0.11021505473067547,0.8503047984327792,4.601981024536825e-08,0.010459334313238674,0.8799626287627935,0.48580072973152444,10.960738849129177,35.07869764968999,0.5201414375634031,0.28837726143110975
4.391000726163724e-10,0.0021580493962680193,2.7541243963627585e-08,1.4100966592334045e-05,0.0004063568800769453,0.0014599268884551311,0.0005912877116798993,2.3001232624698994e-08,1.3833913124404305e-05,0.02753089525760757,0.00018415517750009972,0.9676413428271189,0.8795343877288004,0.1888599489306054,19.701600937201015,34.78587500771952,0.5491767532620003,0.06862357510244872
0.00019597571713625338,8.466222619742798e-08,2.0967491349240596e-09,0.00012781038428103718,5.272839786015267e-09,0.001026736710280632,1.2493401904920613e-05,0.00041134069914723235,6.87911939175393e-08,0.4849928158820088,0.47336306290173835,0.039869603480493544,0.8749892621090083,0.5340688261928946,7.574661999233389,39.68376800329423,0.5259684927562351,0.5881292898042731
5.159500194932329e-08,0.00939769987703378,4.83689561235671e-07,0.0023994591638806023,1.29495055159601e-10,4.169707282646204e-05,3.9766432862594525e-09,7.0474276253711894e-09,0.0549970122806768,1.692284040845632e-05,3.090474185017262e-05,0.9331157575851945,0.8728382975666004,0.19397055331101348,18.894572171721208,41.422154035400865,0.5562191947372005,0.13764680120594353
3.3938561543974034e-08,0.0006121237854118648,2.3086290855084965e-09,9.894065661557011e-08,5.1859465945944785e-09,8.293608422445756e-07,1.7989299046240974e-07,0.0007132994801804944,0.01048871279054394,0.46900056974711035,0.5191841122899398,3.2279187018806895e-08,0.8723863261617164,0.5510061306945763,6.699072840185801,42.1249629423518,0.5274513856361387,0.5567731925827433
4.761890493049873e-08,2.0153666671463735e-10,1.0273866937896516e-08,0.1370542730167146,1.1951569895610026e-10,1.3801790779070218e-07,4.071898679568935e-09,4.1579702987982416e-08,7.963944211688606e-08,1.5618705264432167e-05,1.5573351338148103e-06,0.8629282294201113,0.8717769371095156,0.17178242968597582,19.99984238746521,37.05565549961907,0.563704692698215,0.25807745113236324
0.00027156133675949174,2.2798902045027504e-05,7.514492512156225e-05,0.007637356158160215,0.0034593823785640195,0.011248148081292176,0.019884752346430903,0.003570440636085322,0.002921074286784282,0.0002901166277162337,0.04059381215131343,0.9100254121697273,0.8702172973317251,0.2046999685583186,18.56006528107055,38.486661109517506,0.5566720783239004,0.18500970117009244
6.596309237201212e-08,0.0017232852052139467,1.5802704446086545e-05,0.002078163582156469,0.07697784662225644,0.0014329547536310401,0.002255070843530778,0.0023419417682853075,6.560180913960435e-08,0.7994061927963211,0.0007592199862461271,0.1130093901730113,0.8686174350055835,0.43078005245284623,13.061661098962633,23.87909829763489,0.5028520471880982,0.3733445882677526
0.0015158078328600187,0.00010428468584922537,3.58214188997045e-06,0.01384962195457134,0.015381123727695066,0.0014687796930118525,0.0019264147360724506,0.0019634263018039988,0.01817771173576489,0.46786830770613885,0.46226236203921073,0.015478577445131638,0.8663175455007804,0.5279439141774771,7.4411017131268755,42.776430328352276,0.5289175304197646,0.617893436438357
0.00035588609722408634,0.00020116442536338383,3.6976561985611296e-06,2.7486324600485046e-07,0.020532044322100547,0.05096396763341434,1.3859898797520869e-06,0.022081907326899786,1.54953381439942e-08,0.8831354400806178,0.022724111475378297,1.0463433930469379e-07,0.8649528151506957,0.4716884053157905,11.211677728506539,23.831768149383706,0.511110429268226,0.23568953522331193
0.000284825001069919,1.0012608360227326e-07,9.6670826323256e-08,0.0016759712479342233,0.02897696409477392,3.1117851468750705e-05,0.0008102115425848902,0.01317728218892117,0.0006274007483936406,0.013266667416264352,0.04251037322451454,0.8986389898871646,0.8641733021671294,0.2017931423150158,18.69148625640092,37.03713837307558,0.5436160344006916,0.20667009086927005
0.0002934909040252966,0.0042746420950943885,1.491382824451398e-06,0.0035548060842671542,0.07215720389772998,1.057326628607448e-05,0.07010294877977125,0.0004116047240199905,1.1620669842252064e-05,0.7375853677780014,0.06863568574041093,0.04296056467772686,0.8622052775890547,0.46458129691111855,11.014023005356561,32.475139534907946,0.5204693143264434,0.4791917533610087
2.0874862895071474e-07,0.0001490723782838334,2.4169311908621546e-06,0.19670315901986463,4.659419689657277e-05,0.007193049704763309,1.9402755439903003e-06,0.014006379011341547,0.00023800394681564816,0.00022815313129905248,0.010755788924167882,0.7706752337312037,0.8601201381890231,0.17430252385753212,19.40953297371687,39.02195288217039,0.5679829732946278,0.4003677955958635
0.00024160799712984329,2.0377731073795507e-05,9.268234549115974e-09,0.018591092485952903,0.00200594376786795,0.010053630487385355,0.009204447316163464,0.003188802678680988,0.14470982005925714,0.003872338547889293,0.036282878256413825,0.7718290514039507,0.8574642429570477,0.23781188374506743,16.445588480460906,52.41351438007305,0.5695543986418198,0.4161402152815657
3.271954517264746e-10,0.0002017425899073531,3.6679137901093955e-06,2.756532275485217e-07,0.01918966013842052,1.1689038035481867e-07,2.0391655389053465e-06,0.09411361212094291,1.5539873131209207e-08,0.8849622032123072,0.0015265615133487407,1.0493506775088074e-07,0.8555248213513791,0.4735720107754711,10.910911215282718,27.049825691902022,0.4803156243686826,0.22648790480192763
0.0004229059895318051,0.023757396074090158,4.977994132773332e-06,0.0008127370761450738,0.02817512161333727,0.016356645355781695,0.0007877915943919029,0.012812644105566498,0.0006100394895915876,0.00018214196550351116,0.04230549674578297,0.8737721019961449,0.8551830302249792,0.19521912988460935,18.1386666998743,38.8023034496688,0.5496535600286044,0.2541171690770519
2.9181249911546317e-10,0.03558464226620308,3.271265184109794e-06,0.005802783777069224,0.0005799649773050181,1.0393141491749129e-07,0.03292485838443117,0.08393615561855171,0.0015663441339210692,0.7892622919403935,0.0013864952082474995,0.048953088205466025,0.8548238290989971,0.4525822738032103,10.653655317957691,33.178778891825445,0.49859648332749174,0.39843780427496284
3.1554702211171e-10,0.00019456038628430078,3.5373330152493864e-06,2.658397438884069e-07,0.018506492312357615,1.1269845282460105e-07,0.035602796481127456,0.09076308942633493,1.4986640751492066e-08,0.8534568143645946,0.0014722146566090676,1.0119929225532612e-07,0.8535480916399066,0.4762929106302167,10.52247372110763,30.35892903745303,0.48991661194558117,0.2855577523146496
1.048795718012416e-06,1.615902440651921e-06,7.134304428969359e-08,3.0575408112478294e-06,6.257215295882003e-06,1.5324522817867142e-06,5.559192538345021e-06,0.001004222387707434,2.090806231535224e-06,0.018327135441702704,0.9806465757659534,8.331562747017557e-07,0.8505618359271846,0.5978587425878226,2.181424417569916,59.297905256154465,0.5488343253912491,0.04144952835476902
6.536887070533797e-08,1.0071524501987429e-07,4.446637374470068e-09,1.9056903697654816e-07,9.988622292892235e-09,9.551400081996707e-08,3.4649086759606047e-07,2.6954675896339534e-08,1.3031483621820334e-07,1.3964250036889426e-06,0.9999975710394446,6.217275885343062e-08,0.8499999850336101,0.5999995844056365,2.0000192210218084,60.00000614684425,0.5500000697512553,5.299541519197184e-06
1.3823285704186996e-09,1.0071524675089245e-07,3.2831629509115066e-08,1.9056904025190596e-07,1.0196957036736044e-08,1.1871888401448336e-07,3.3984985500474626e-07,2.9301870551772318e-08,1.2960974727582512e-07,1.396425027689649e-06,0.9999975882266534,6.21727599220094e-08,0.8499999755825848,0.599999573616984,2.0000188384075246,59.99997843846116,0.5500000618072451,5.262042248357155e-06
1.243407662266512e-07,0.0005425397431558841,8.69288654670276e-06,0.12101209299137905,0.07480125466930766,9.602159268012827e-08,0.014293612991821672,7.070253485788979e-05,0.0985307028650757,0.6467161259676274,0.0002714903626173624,0.04375256462525184,0.8498699008341124,0.405675131701912,12.475258391308191,39.096564783995504,0.5350078807957128,0.5996638158999329
1.392024224694588e-09,0.1246045996389608,1.0733901596077174e-08,1.3029809601644207e-07,0.02968341278860132,7.78155946537994e-08,0.00010573102067279291,7.68037869958416e-05,3.125984902087251e-08,0.003321508260554044,0.10506045863052221,0.7371472343742275,0.8471446725849432,0.212893569478114,15.687387365687512,45.83762393819375,0.5530977961152302,0.4681721390681329
7.3438851181167674e-06,0.00036013335047710757,3.2555033229221955e-05,0.1282451905440595,0.07575934648122902,0.00010904002471874094,0.00972503111432961,0.03683916789985347,0.00017159297416783706,0.7177913930749142,0.03086837900069559,9.082661720742239e-05,0.8458433547674107,0.41693635471138185,12.380722744866397,30.210601221206772,0.5121633741978241,0.5020194227057748
7.79530849299461e-06,0.006498125090840808,3.394268662001158e-05,0.13371162248587012,0.0789885772207117,0.00011368783935825811,0.009978319877699869,0.033901806888396134,0.0021692379380385176,0.7023167772894765,0.03218413900889135,9.596836560378026e-05,0.8440131624124858,0.41174024905900647,12.373848553950937,31.042910896217986,0.5144539701537847,0.5239652490177724
3.9693724595936077e-10,2.8322781225850782e-05,2.7490579836273732e-08,5.411940272198033e-08,0.15983786674599773,1.0115465973524668e-07,1.1999539530674114e-08,0.001513565637338932,0.009655330998669618,0.802187119452933,6.905785041058134e-06,0.026770693437674957,0.8417517791531454,0.4267020481592339,12.588265759981313,24.86545860040654,0.4944954525056816,0.360147812250812
3.112855460679951e-10,0.00019193283993745885,3.489561181428085e-06,2.62249566765307e-07,0.01825656134132666,0.0486251931706729,1.940010947437712e-06,0.08953733001762483,1.4784245526492491e-08,0.841930843545981,0.0014523323346389224,9.983259148058612e-08,0.8406686518711022,0.4578382952302261,10.623492672957095,27.436403569262144,0.49586030333639647,0.3059298148941033
0.00033183791631313244,0.0001814082038863919,7.616875012208582e-07,0.003031953645379338,4.125176298211269e-06,0.04338553443857357,0.0003922293952224064,0.00042983249309728604,0.007215632652930141,0.017825420898690086,0.923812699568559,0.0033885639235490465,0.8371862879561374,0.5744250496667398,2.4339290595610863,58.86755317999617,0.561042590575078,0.15741471685238667
0.0003573482586167633,0.0016646590782763376,4.270228220351345e-09,0.0009103693618355823,9.592348825751115e-09,0.042480685076387525,0.0005717675170832799,6.523769014256772e-06,0.0001671634651220655,1.0990162309392438e-05,0.9493306426998169,0.0044998367489607425,0.8371050460124485,0.5775962580361846,2.2285919553150366,59.10193242881282,0.5610126673047076,0.10575533575719852
0.000375276677511705,0.05064900376794483,3.335452175588607e-08,0.008095610272374766,1.0097035616772787e-08,0.0019306075622861213,3.5025156907709205e-07,0.017684701993660953,1.3172923193075503e-07,1.4115813557623968e-06,0.9210707345500274,0.00019212816247995423,0.836409735561919,0.5644594735322652,2.1244944192444706,62.60258907776114,0.5494973234148128,0.16219765940617306
2.653918557995478e-10,0.0013684005010983398,3.20960041141828e-05,0.11948653643356918,0.07386522534882999,2.064418132998677e-07,0.07066032401489902,0.05708850886621509,1.1685704400391429e-05,0.6260773142148577,0.008208710651597608,0.04320099155321343,0.8331607187384803,0.40360164384307196,11.894328466216646,37.21714676145817,0.5231926576570705,0.6306616703977115
4.654039982066045e-08,0.37632877693213407,8.902576388701786e-09,0.0014190514217761639,0.0006384896672755268,1.3283848779340875e-05,0.0015398506230186574,0.0015991694900907125,4.479548257411192e-08,0.5370767120955986,0.0005184251182986657,0.08086614056456938,0.8294822696115229,0.3226010306274731,8.85396351925908,51.66152996703947,0.5419521755815874,0.6145945150772472
0.0001934219060093232,0.039641298676007984,0.00012534903825821107,0.11760365197983508,0.10784353602941484,0.0020889978510537895,0.004254076856919807,0.0034017929114778917,0.0038099552817634744,0.03227388633170481,0.00028463687334684705,0.6884793962642081,0.82892803498883,0.17457921914288382,18.233108931665825,40.47006560204517,0.5523151521789527,0.5431347864206452
0.00020920803691114025,0.042876623686130294,0.0001286397419797457,0.0015699748345159715,0.11664518736146771,0.0022437563997785765,0.0046012733845276444,0.0036794302758769108,0.04971860299588574,0.03490791990553434,0.00032755441565611595,0.7430918289617359,0.8277432361540887,0.19399504332860507,17.313659589086953,43.819131994224804,0.5444957084143289,0.46760416362025825
7.265030906622079e-07,8.405971558233818e-06,7.759226487078136e-07,0.0029129467785953137,0.00011423955878228585,0.08444965979892842,0.00037683404395866005,0.00041296118692694587,0.0038232600872873026,0.017033901278120645,0.8875522326453616,0.0033140562247412886,0.8250624051253568,0.5567261085922036,2.5395223616623483,57.43479006406682,0.5708957614413441,0.22341242649243273
0.0002935605990085494,0.0272948336901514,1.586636493033528e-07,0.0028026821973493083,0.04330067386477997,0.034041736489931085,0.0003625696405161853,0.00039732925273509937,0.0036785371642263495,0.030740120110185117,0.8539554721464311,0.003132326181036592,0.8243811414104525,0.5429006969893596,3.0852424114170063,58.507685006741504,0.5547028199153797,0.29018697473957283
0.00022343326328659734,0.039489549166983814,0.00011496539975985964,0.0005736287252697441,0.13187334342216617,0.00953932164450209,0.04330658945483012,0.0004201791104091966,0.007178637921325103,0.0034979148361546477,0.07331248495297754,0.6904699521023351,0.8204914001375507,0.21593874583406109,16.140859316090552,44.60486527051825,0.5504016806892592,0.5420680639166704
0.00033821129915960864,0.044964883793720045,2.981491712043103e-08,0.003571833807814536,0.05490982611216732,0.001725730168848256,0.05270701447617513,0.01580798933648257,1.1775003584515234e-07,0.0006203957891352352,0.823326078954121,0.002027888697423369,0.8189804423375324,0.5392124125476888,2.6933711375580724,64.34503975455797,0.5541888323451515,0.342598874489628
3.1427589156650894e-06,0.004707131544250585,9.266220926534966e-09,0.1038346621337781,0.0012936872251296493,0.2046292589692368,0.0010902078401069314,1.6181523616458602e-07,2.3760613368686587e-05,0.55749116271868,0.10502030297009339,0.021906512144983164,0.8129716717582984,0.3900671791320149,10.466842472668358,31.229852104810398,0.583993374929664,0.6818341676202926
0.00028482987440414973,0.03912798098362622,0.009573154782828488,0.0030080750625430626,0.04624315897767067,0.0014533503418421678,0.04438802710249474,0.013530130900181644,0.14372424825336902,0.0005224759052679098,0.6964367499976567,0.001707817818115268,0.8129057603714831,0.5222450517710285,2.851673681431815,76.55433249169118,0.5693447826546816,0.5327894475166534
0.00019645052773852617,0.08311900778794266,0.0001728148666958343,0.09137049341680029,0.06365263798488431,0.001141142729581855,0.0038927178686567897,0.08303791578471713,0.034396871333164256,0.08186241757097178,0.0013471520424016275,0.555810378086445,0.8061049277397916,0.21023362736742304,15.164123638914436,49.53465848137844,0.5366536873592431,0.7166919211686491
1.509514658549138e-07,0.0036386775381113605,1.7919192126245167e-06,0.1343011504923288,0.0014322538953733188,0.16432442132309086,0.12808391106096467,0.0002831587862856775,0.004621735138349335,0.0001652307601613597,0.005016871485629733,0.5581306466490263,0.8056961677549376,0.21743935776931653,14.7249300735178,48.769496152692085,0.6305501398845705,0.6839819457684646
0.00025189184370340273,0.02907140924111634,0.0003074731598753576,0.06781649197291054,0.07568290540799108,0.0599279115641416,0.08131273106241758,0.03997662038723302,0.0473780110141175,0.002198908914261247,0.04576590643817196,0.5503097389940603,0.7987267769825306,0.23339931944356104,14.123993804705737,53.65939340508186,0.5766542477158643,0.7307363272082671
0.00016969842284746735,0.005370728061723386,0.0003033696931968782,0.07277800133332848,0.09917047840223538,0.0614419200967573,0.083367002026074,0.04054718358564933,0.01880901741192894,0.008176033379167247,0.045653897243141395,0.5642126703439501,0.7965721960879152,0.22803585336681043,14.798264935199077,49.382317467009145,0.5710864033611132,0.7108685783433617
0.00028516984589138503,0.07309459098623235,0.004932127020419367,0.07300101272720676,0.05759911316599379,0.13652474168592918,0.0033057755417040336,0.001984195893336091,0.030248499208726333,0.06942903595441102,0.06991818981140237,0.4796775481587474,0.7946098934010867,0.22219474067928263,13.888360567307679,46.364704219451006,0.5898557206996099,0.7926737796909242
1.3129827455085564e-06,0.001455704184007062,2.136907378560627e-05,0.08234177364973765,0.04972831861383373,0.1730564463022499,0.13726882369304208,0.024181173200145453,0.00011263336456351005,0.4711571674122213,0.03171855517868366,0.02895672234498467,0.7895954038373352,0.3835864294579446,9.558089589226897,43.31782533471632,0.5944636522995248,0.7827656365124541
5.73035174760733e-06,0.04361984957932835,7.00290377258597e-05,0.08739715607458108,0.011065956667813003,0.19271815704987824,0.09752918160482626,0.03175916512145439,0.0830042080654754,0.45100802589188943,0.0008803107212746416,0.0009422298340057014,0.7813435754767827,0.37159925320488874,8.64761349978073,51.2250897105901,0.6053216531782633,0.7989557573334028
7.563910516929391e-06,0.10366590263047847,0.007547600665475431,0.0012512092293709635,0.21326124219946208,4.936738863899406e-05,0.00016633672827155293,0.054986748847593685,1.2938560090627197e-05,0.5200284032360677,0.09902268144667792,5.157355743900679e-09,0.7787112171423896,0.36900657398407544,9.983274048976943,41.787441249989655,0.4954151185870867,0.7204973311804049
0.00030572121509122473,0.06265673960652192,0.00018798464345695168,0.016600570005594725,0.1601196572747897,0.003278860329827467,0.16199986876105163,0.003042329920742399,0.2076031352591131,0.05101186286815553,0.1993079370435626,0.1338853330720928,0.7751940173016774,0.3775361145954257,7.1941939236983306,80.26086826627709,0.5895543829906831,0.916959216359782
0.007435124967646162,0.1664839534205572,0.00018402259771179466,0.0504305092367783,0.15721576510675297,0.01436510050981115,0.08343097948388574,0.0013332299644482032,0.17022657577681374,0.16277865581796935,0.020182032309589287,0.16593405080803617,0.7719199440604266,0.2898336946595539,9.708995962133375,74.25071760491598,0.5783599450354995,0.9320547073714137
4.818306643335679e-06,0.004455717135060607,8.771299244876397e-09,0.0933130409622146,0.14277511303210708,0.20430947847974462,0.0010319783308106484,1.531724604920117e-07,2.2491526130328793e-05,0.5277147882991574,0.006562573925105224,0.01980983805926632,0.7694227950990342,0.3285074629182489,11.780385590767697,29.74405820198014,0.5701780212727577,0.7093377455069838
6.051821592480947e-06,0.2840627638939574,0.00603877221663517,0.001075553013733788,0.08123250020441279,0.13142145910794967,0.00027592489356380496,0.0007473675683838998,0.002068752044968323,0.41607037951646897,0.07698227294981588,1.8202768517713118e-05,0.7692045497766189,0.312814785607478,7.709283158844464,50.851107962918384,0.5692218363558009,0.7814778084282732
0.008055118622367003,0.45521504644340227,0.006487793595562855,0.0006813882773558502,4.249108166141962e-06,1.1824329760172726e-05,0.2033481799511113,2.193220989630078e-07,0.2479159544200881,0.07499154711977905,8.522348135366042e-06,0.0032801564621729594,0.7666690142111274,0.3112957456769272,2.851591002611505,111.92866336066137,0.6375299702621727,0.7464267559177662
0.00025248534914142936,0.1078807369365293,0.007920923368360342,0.10412814776930801,0.0916847373531323,0.11728705326122046,0.1048276751541544,0.0029595999241784654,0.13525725277669798,0.11305970671717205,0.10816209717778077,0.10657958421232445,0.7627107793817701,0.3113544176804023,8.493036004163041,69.75035001544873,0.6153097760378861,0.9710847897596903
0.008121249949056799,0.4579608557782947,0.006542025165520293,0.003519576146242608,4.2846265289527716e-06,0.012039910268607174,0.22046068128404875,0.003504329331530666,0.24998828783015425,1.9742962024906567e-05,3.25051148497964e-05,0.03780655154314109,0.7576747554503537,0.29388861032971647,2.772924002068351,115.18211879548538,0.6474850613289713,0.7390549982753817
0.008631295266461423,0.48784840659714596,0.008091985627779843,6.254555510691168e-06,1.1358975188748401e-05,8.40689183476121e-06,0.24596811355163342,3.9383008364358386e-05,0.2493587827372067,1.0576293400944835e-06,3.4546559421116816e-05,4.0860011298055634e-07,0.7562399113690109,0.3009813639744153,1.9750498416899331,119.49725448447079,0.6518852356221199,0.6972914555938089
0.008080317327442826,0.5278376095757031,6.928102266764442e-05,5.8552965352569e-06,1.0633876052912003e-05,7.870238668153923e-06,0.23026676165887958,3.686899764973682e-05,0.2334409877890264,9.901156685004679e-07,3.234128297970109e-05,0.00021048281872611773,0.7535097868032514,0.28779323745267066,1.8828443433634858,117.48837717441052,0.6478120260212439,0.6696050600357109
0.0005691665175266403,0.7456011182954255,6.407012479383752e-08,9.80431500268365e-07,0.0006212291998249174,0.0021234978950352016,0.0005530971519475853,0.0002645256099586809,0.0060023759111724655,5.993683319698427e-05,0.20481113976983156,0.039392868314455445,0.7528927803515115,0.20826055215477554,2.7359022470688306,89.56582428348005,0.5885329355289552,0.4369504846134258
5.759529948043144e-05,0.5378684636212833,9.556607676184249e-06,0.0001492359313412854,5.096637919435612e-05,0.001474096431097149,0.22580680141459442,1.963734456840032e-05,0.22678004734961957,9.61863982459945e-07,0.00741418480565695,0.0003684529515054593,0.7524537200716104,0.28482140402279954,1.7904130153782138,113.18650931083722,0.6451220141486143,0.6635152438717786
0.0004243632942734897,0.12336517250044804,0.009039690328042908,0.11217622002489845,0.11776196982508205,0.13374622534228375,0.11963127019503995,0.002156735145043373,0.1269897452063589,0.11573682219161656,0.011260160291138362,0.12771162565577437,0.748504491005314,0.2703636976859764,9.4139401595375,69.16269505039088,0.6208074880171521,0.9600926718633364
0.0004829739407486164,0.13906159024130443,0.0003056312239521974,0.12389065855610208,0.1340265838356996,0.15221849388365116,0.13615406134919908,0.0022251895754985345,0.00039231687701637145,0.1317217343203638,0.0156489926622576,0.1638717735342067,0.7461986143322346,0.24572351997993272,10.429827874512977,57.01389987040703,0.614288358471447,0.9394762460562903
0.00011737291968079799,0.13176141388645915,1.866521107833568e-08,0.12269486141365843,3.873377739621473e-05,0.24186005432653743,0.1938523209032919,0.0044446683991872194,0.16924314729915566,0.12401950262669802,3.81981535949529e-06,0.011964085967364564,0.7400851600291405,0.31250653023053626,6.164315040508948,78.09662235804029,0.6777306797487276,0.9025340759278759
0.009540878386453122,0.09914794095106923,0.007279735610873565,0.09902100827965009,0.09483466515250288,0.1008245690064857,0.09634202028427803,0.09580147274950311,0.10226586717541188,0.09417585985800492,0.1028138678110477,0.09795211473471992,0.7370739149436369,0.3054686031291202,7.959246029913801,74.7771821489404,0.5848951831442548,0.9852096872353414
0.0002048197207145088,0.0001789747012946161,0.00015851546773661937,0.0018713953307554862,0.17926181536342764,0.1478222139857938,1.3811121961531632e-05,0.046701627331569434,0.03381177874589171,0.011050114020364736,0.5768288661427989,0.0020960680676908794,0.7336865896500901,0.4216807374527253,4.900889982346317,56.44057253368616,0.5604564700436561,0.6652667732392668
0.00025207512047549486,0.9055689731680655,2.1322379057074045e-08,0.014537334355522711,0.000418149672980538,1.4659708869394468e-08,0.03370992178702862,0.0002892364409865259,0.00027474237389187955,0.04244314290535064,0.001827703679822749,0.0006786845137873583,0.7320510195359244,0.13363524670873447,2.639309438103932,96.52858022748032,0.6013283851093412,0.19286347951972604
9.89189780971883e-07,0.8246225057410521,5.96473763409398e-08,1.0282993520965827e-06,0.0006595342496259512,0.0021837454782422713,0.0005801011522360188,0.0006281284245959821,0.14801230211293065,6.286314416286055e-05,0.023164768512602452,8.397404804220859e-05,0.7313420065355296,0.16391473195996314,2.1628933332169016,104.80760900036647,0.6064685424845204,0.3245973045277926
0.0003837086642733959,0.11074995815734505,0.008173674651000952,0.10135055114946288,0.10648019928572086,0.21945528194633232,0.10817041792093593,0.00010512056084835656,0.1148239401642209,0.10464906378489058,0.010181420313964571,0.11547666340100439,0.7294229514973108,0.258598131429225,9.001507782609904,65.73541615921637,0.6390680762156957,0.9475871645311468
1.9887484809383543e-06,0.10336064700885168,9.057484288914141e-08,0.0014219444910046571,0.0002988564396139212,0.27878966541591127,0.20792957903980383,0.00010444077322733353,0.21183792209649868,2.654016557882933e-05,0.14982736228363353,0.04640096296255237,0.7289255627850034,0.3603373690152863,3.497128779456175,85.41031100362079,0.687720539098931,0.8715048799844884
1.8328921875161291e-06,0.09526037315173642,8.347658012474132e-08,0.0013105080776299645,0.0002754353497224475,0.2745002573810927,0.21346022555644575,0.013221030935265998,0.19503548672891025,2.446023849223427e-05,0.1383903446645401,0.06851996154739658,0.7282480882674978,0.35540205846612355,3.825972373864536,84.02329213027556,0.6823811740586239,0.8813972714650614
0.0004230112046279315,0.03037802959831767,1.0988320080592972e-07,0.02716256925269226,0.000320777629223609,0.2991663273591515,0.24131455337570487,0.0001121015283238489,0.2273762831329838,0.004178204783045592,0.1602406016441799,0.009327430608548126,0.7278572700207026,0.38636192221382815,3.350294684056844,85.93300745920722,0.6998640351328937,0.8434084229952876
0.0002858243337429526,0.9527950747012203,0.0042874169055818565,0.0007413935078259472,7.97796030318038e-05,1.206605905587135e-07,0.03822319282097165,0.0007495421707741606,0.0002972170156781692,0.0004666825155497352,0.0020724067713603044,1.3489936725387268e-06,0.7236193792247997,0.11899230751906133,2.0008775701470642,101.1611786615452,0.6058841545072522,0.09894147345995523
0.009798498878135106,0.6239631497846774,1.313120447682014e-06,3.904298866934224e-06,2.9288099989580117e-07,0.0001278791362793806,0.24799739099779558,0.09994740672312312,0.005139075400941002,8.817603801485636e-05,0.000220968434820178,0.012711944305898717,0.7214906998254396,0.23749578122330411,1.6668015160684464,107.62681345520761,0.6088024353596629,0.5878840477984644
2.6984715785028092e-08,0.6348985429279045,1.3361338072766767e-06,5.84342762049274e-07,2.9801394545379967e-07,4.0464200877207686e-07,0.24937188314706898,0.09828108627728638,7.774471672333976e-07,8.814710311540925e-05,0.01735652223420385,3.9074601435307316e-07,0.7206002578647677,0.2405874948172369,1.305616669875703,103.30339192889716,0.6070450395556823,0.5724622642109997
3.506812946442021e-06,0.14503363304949152,1.0033929159462961e-05,0.14717181617350925,4.646095444406898e-05,0.29010981425745086,0.24187433445436646,5.878975197665718e-05,0.14228367018709845,0.000990921354371117,4.581847661973945e-06,0.03241243722752382,0.7186306574152885,0.27909662824081066,5.771952661364221,82.12601019494227,0.7070330429352247,0.8654646624540274
1.774521223915891e-09,0.9172514844927976,1.3929023471380424e-08,0.00031333344841663304,0.03999251312662597,9.919757272550275e-08,0.024849959566829786,2.752596357344603e-07,3.984935359592261e-08,4.046004565723516e-05,1.4965240045851084e-06,0.017550322785561442,0.7180360579173736,0.11260978176503894,2.792153155249537,96.93770865287118,0.5968625876703054,0.1703178315840361
0.007509981540447264,0.38298560520546204,5.072236966239244e-07,6.565146821554812e-06,5.9266303628089384e-05,0.20980376648078503,0.10401977862552628,0.013098958390244844,0.19664797515441193,0.03153116651645348,1.3547648618726102e-06,0.05433507464766104,0.7169083569644843,0.24795877277469988,3.9836897979114827,93.42431117413251,0.6590899785506177,0.8243338520815172
0.0001389577270872646,0.10418786961158723,2.242005491806932e-08,0.14403672611423401,4.585689512640291e-05,0.2864987473717939,0.22950164293918787,0.01564024666072298,0.20036685751486202,0.0045643961847687976,4.522277043904233e-06,0.015014154283530784,0.7158748882510784,0.29680870107009605,5.480542010987369,85.34118942181627,0.7030666429051233,0.8650996343113875
1.8579547210382164e-09,0.9603783279818817,1.432669259040142e-08,1.7391073972807753e-07,0.039618877278668106,1.0386159155322413e-07,2.5394174517991587e-07,2.8820164720010173e-07,4.1722969354225614e-08,2.77346829552441e-07,1.5668867759891663e-06,7.268250430019596e-08,0.7132650163596318,0.10000109665888963,2.5150520961907477,97.62276844506584,0.5940570436840844,0.08302234003982756
3.6241836274658554e-06,0.14988781162769335,2.3138157520443012e-08,0.15209755830906427,4.801597147731292e-05,0.29981959547222664,0.2499697064604208,6.0757405607491246e-05,0.14704580934977432,0.001061807225011676,4.735199035043034e-06,5.556579042216403e-07,0.7132315226478657,0.28242570695467517,5.295499414502357,83.70101320059247,0.7122853957142397,0.851345159116438
0.00033392439360836675,0.5247614770884029,0.005775356504980081,0.08548175502754164,0.06744664351244165,0.15986592634824595,0.0038752939702455425,0.0023156610945292066,0.03541998532230593,0.08053840156269654,0.005871541030817077,0.028314034144185114,0.712011205462428,0.16211213980164002,6.312571092298933,74.96509350465755,0.6186690731416533,0.7402702714310287
7.447038664530265e-06,0.46641946011999197,8.480234274772513e-06,0.09861053551941802,0.0011068263530612762,0.20631037384265352,0.17808060484340543,0.019541396177531024,0.00011075409697459156,0.0015061894443235862,0.0010933875380327836,0.027204544791668454,0.7093215745685767,0.1996992360048932,4.5181270107638625,83.03511629395894,0.6653186090398857,0.7607187516504023
0.0001844167970503232,0.6147531724144354,0.0012956878998036487,0.0004783547092604254,0.1585831390286202,7.785145284743294e-08,0.012811843607802983,0.00048361231032424397,0.20121394550472593,0.005311168723171195,0.0013371381434002629,0.003547443009952618,0.7078792227799601,0.17949344543485823,4.381021481831541,98.26279679316309,0.5874649587941757,0.6068006983589329
0.0003526436031358164,0.03821331438211683,9.54487318453496e-08,0.008705594167160402,0.13647203595036314,0.2484721282163902,0.2004234272491058,0.0001251098154413592,0.18912525514433046,0.0034702014886886356,0.1330875826456417,0.04155261188889368,0.7074042061470109,0.3403690005426494,5.251516364589267,78.65107098570982,0.6601326522489361,0.8975039141411101
2.23466917015199e-05,0.05663479078817429,3.0261829380968058e-06,0.21627955822132044,0.14397462281544265,0.24927705643846054,0.21734495975690032,0.0006975371015948942,0.07023586967467055,0.000279040764631752,0.001235844651857181,0.04401534691230762,0.7034798904368916,0.24357435938483152,8.942080689295754,68.571275228714,0.6726917803951944,0.8869489727560459
7.371109142467727e-08,0.7939088442012844,1.2715634005554617e-08,1.5435420995206405e-07,0.035163673681673654,0.023788480586363913,0.0003451385421198577,0.09052598368033717,0.00021463782151929882,0.05605052517241687,1.3906879515911658e-06,1.0848453979340876e-06,0.7001923813939536,0.14194607438363904,2.907494273861996,90.97001461835657,0.5667827000708976,0.38898500842585904
0.00021834418063330585,0.7557514714388681,9.761557069081431e-05,0.0024266944674142545,0.19653429359085153,0.006767221733581925,0.003908413038305851,0.014972841695662216,0.0003467461907759043,0.00646323690956709,0.001472367912472068,0.011040753271177105,0.6858764171565087,0.1095367333636506,4.848985623762185,86.40127830459288,0.5668878324311021,0.4251892604470518
4.768519157788954e-07,0.511474900504162,9.084791495175391e-07,0.1607398723127524,0.025676759577253676,0.28791452202172224,0.00925889279694026,5.2919929998150056e-05,0.0004694607800452004,1.6174735889831132e-05,0.004394784123063342,3.278871075536854e-07,0.6840951083953014,0.12415599723136814,6.07289063615586,71.73457797245803,0.6629436282071385,0.6860692221269608
1.8772166939088373e-05,0.4992747438361385,1.0466209058831807e-06,0.0032770507591649814,4.602978245530969e-05,0.2229881057758283,0.19440743785367284,0.07441808416092272,6.060888258172389e-07,0.005095778382717108,0.0003797979879120108,9.254658451725309e-05,0.6825764793890254,0.2158234203563323,2.243780446814474,88.06264565609915,0.6510609539885561,0.7174165858951317
0.0003166728252787409,0.3451983416665559,7.201856235836476e-07,0.0022657514756888025,0.09351543574688705,0.23288720205483832,0.1344132183396744,0.0514526311604975,0.10514619844846251,0.025600993712839044,0.009202623768773921,2.1061488039380227e-07,0.6763261415751041,0.2342040831497484,3.9487001342225314,83.24091406490459,0.6396900814410956,0.8567358290897047
0.0001247891791658802,0.7065956102976837,1.0360750730069316e-07,0.006062340979150227,0.28651505509687625,0.0006840157277496051,1.8364511593768834e-06,2.0842112775115868e-06,3.017313887833902e-07,2.0057116104334235e-06,1.133138245678715e-05,5.256239740887899e-07,0.6718002455686106,0.10020074841714942,5.8375154860482485,82.51581630089045,0.5574865019959373,0.45664857942802667
0.007308780934617145,0.4939482237317007,7.661564335973575e-06,0.015988651038813556,0.1371043548028219,0.24026098471467966,0.02281469741067875,0.0007835208170399627,0.07014789385142683,0.0007302012556486246,0.006250168477722459,0.004654861400514421,0.6659477693976605,0.15329047411448685,5.000090012927493,81.217357584607,0.6358247700573948,0.7349236747873169
0.008520257634110748,0.4378221345537813,8.52109248011503e-06,0.018064499814741907,0.1524856850990461,0.2529093511860611,0.026830442315312987,0.01462023250064471,0.0750852509016139,0.005014652100180116,7.274857822901414e-05,0.008566224223797974,0.6597152284291791,0.15956837732513016,5.3735995382566815,79.69122141615682,0.6327764913912274,0.7789395081156143
0.00032381539485760416,0.5546729938825598,8.627115628022403e-06,0.001906233832736207,0.15438297847812169,0.25605615960417555,0.0030701636592366686,0.014400209423976894,0.00027237846754302506,0.005077046588042104,0.0011565846325846168,0.008672808920538079,0.6500043670804386,0.12059839229134635,4.985993819404896,73.05353733616961,0.6233696289398973,0.657399351766975
